classifier,in_panel_accuracy,novelty_precision,novelty_recall,novelty_f1,n_tested
eDNA v3,0.8,0.9333333333333333,0.875,0.9032258064516129,21
BLAST,0.8,1.0,0.75,0.8571428571428571,21
BOLD,0.8,1.0,0.6875,0.8148148148148148,21
